name,username,userId,can_dm,created_at,bio,tweets_count,followers_count,following_count,favourites_count,location,media_count,profile_banner_url,profile_url,avatar_url,verified,blue_verified
Khloé,khloekardashian,'32959253',false,2009-04-18 14:01:25,,67907,30151121,229,673,,3747,https://pbs.twimg.com/profile_banners/32959253/1705022909,https://www.twitter.com/khloekardashian,https://pbs.twimg.com/profile_images/1745618658351792128/pPtogf8D_normal.jpg,false,true
Kourtney Kardashian,kourtneykardash,'23617610',false,2009-03-10 13:12:52,,14683,26334762,57,7989,,1792,https://pbs.twimg.com/profile_banners/23617610/1543905866,https://www.twitter.com/kourtneykardash,https://pbs.twimg.com/profile_images/1069844856128716801/JwrwtGdH_normal.jpg,false,true
Kris Jenner,KrisJenner,'23613479',false,2009-03-10 12:38:12,"MOM, MANAGER, MOMAGER, LOVER OF LIFE, LOVER OF CHRIST",14581,12571046,287,180,CLOUD NINE,2689,https://pbs.twimg.com/profile_banners/23613479/1682613312,https://www.twitter.com/KrisJenner,https://pbs.twimg.com/profile_images/1148230318911963136/QO3WaOWg_normal.jpg,false,true
Malika,ForeverMalika,'243474622',true,2011-01-26 22:40:52,,8841,1336405,36,80,,2157,https://pbs.twimg.com/profile_banners/243474622/1401952349,https://www.twitter.com/ForeverMalika,https://pbs.twimg.com/profile_images/1776124862098280448/I4MM7WFr_normal.jpg,false,true
Kim Kardashian Updates,AllForKimK,'2310698848',false,2014-01-28 17:37:09,"Fan account, posting the latest news & updates | Kim follows 🤍 | 📩: allforkimk@hotmail.com",5739,132646,115,4178,United Kingdom,2316,https://pbs.twimg.com/profile_banners/2310698848/1705948562,https://www.twitter.com/AllForKimK,https://pbs.twimg.com/profile_images/1749340114528919552/sfAkichh_normal.jpg,false,false
Kardashian World,KUWTKWorld,'3291957791',true,2015-05-20 17:25:32,"The largest fan source for everything Kardashian! 

#TheKardashians streaming on Hulu! 

Kim & Khloe follow ❤️❤️

admin@kardashianworld.net",3147,97327,257,1192,UK,1970,https://pbs.twimg.com/profile_banners/3291957791/1695310481,https://www.twitter.com/KUWTKWorld,https://pbs.twimg.com/profile_images/1704881839482044416/tVSWqLAE_normal.jpg,false,false
North West (parody),norisblackbook,'2830167420',false,2014-09-24 13:14:38,"(Parody) My mom's a superstar all from a home movie. 
IG: norisblackbook 
written by @nataliethehero",6351,147748,2,3274,,578,https://pbs.twimg.com/profile_banners/2830167420/1664844267,https://www.twitter.com/norisblackbook,https://pbs.twimg.com/profile_images/1701649002226409472/bMERpqSw_normal.jpg,false,false
SKIMS,skims,'1149099376968495104',true,2019-07-10 19:33:35,The next generation of underwear and loungewear.,8698,133791,1,6042,,4956,https://pbs.twimg.com/profile_banners/1149099376968495104/1626206895,https://www.twitter.com/skims,https://pbs.twimg.com/profile_images/1619738248468922368/dYCNOxM__normal.jpg,false,false
Kendall,KendallJenner,'157140968',false,2010-06-18 20:03:11,@drink818 on Instagram and Twitter,9659,31675475,103,4863,,1581,https://pbs.twimg.com/profile_banners/157140968/1626900189,https://www.twitter.com/KendallJenner,https://pbs.twimg.com/profile_images/1704304717554200576/yRiRNBar_normal.jpg,false,true
SKKN BY KIM,SKKN,'809877507650424832',true,2016-12-16 16:46:59,A new era of beauty by @kimkardashian Efficacious. Clean. Vegan. Science-backed. Available Now: Makeup,6623,274495,3,1587,,4571,https://pbs.twimg.com/profile_banners/809877507650424832/1705683462,https://www.twitter.com/SKKN,https://pbs.twimg.com/profile_images/1571261662975631362/FV2FAx8j_normal.jpg,false,false
Poosh,pooshdotcom,'97272678',false,2009-12-16 14:29:04,by @kourtneykardash.  A guide to living your best life.,7918,391004,65,777,,1471,https://pbs.twimg.com/profile_banners/97272678/1551726457,https://www.twitter.com/pooshdotcom,https://pbs.twimg.com/profile_images/1268219940873498624/yKdvT8Qs_normal.jpg,false,false
Myleeza,MyleezaKardash,'42915808',false,2009-05-27 12:20:01,,158402,59236,1195,4248,LA/HTX,7287,https://pbs.twimg.com/profile_banners/42915808/1706756716,https://www.twitter.com/MyleezaKardash,https://pbs.twimg.com/profile_images/1687964725215211521/EmlT1WqF_normal.jpg,false,false
KIM K FORMATION,KIMKFORMATION,'1033547409958363137',false,2018-08-25 22:51:19,A fan-based source for news regarding Kim Kardashian. Followed by Kim.🕊,10156,18952,61,30927,"Calabasas, CA",6373,https://pbs.twimg.com/profile_banners/1033547409958363137/1646659006,https://www.twitter.com/KIMKFORMATION,https://pbs.twimg.com/profile_images/1500821193854791687/0KWMVZ5Y_normal.jpg,false,false
Khadijah Haqq McCray,ForeverKhadijah,'250517865',false,2011-02-11 02:28:27,Instagram @ForeverKhadijah,11505,348429,234,2605,,1024,https://pbs.twimg.com/profile_banners/250517865/1540420270,https://www.twitter.com/ForeverKhadijah,https://pbs.twimg.com/profile_images/1711129371799584768/c9dKRwoj_normal.jpg,false,false
FELIPE,felipemnzp,'101572891',true,2010-01-03 16:06:37,thinking out loud. #30BUSINESSES / ✍🏼 https://t.co/ZfRQdurewr,110851,43155,381,564,"Medellín, Colombia",13542,https://pbs.twimg.com/profile_banners/101572891/1605396398,https://www.twitter.com/felipemnzp,https://pbs.twimg.com/profile_images/1700983843631796224/DHeoAN4C_normal.jpg,false,false
Lex,Khlocaine_,'3273322681',true,2015-07-09 16:23:11,stomach is flat and ass is phat #OKURRRR,50202,18134,249,138464,,7818,https://pbs.twimg.com/profile_banners/3273322681/1664927672,https://www.twitter.com/Khlocaine_,https://pbs.twimg.com/profile_images/1565026343175131136/MTEg81vR_normal.jpg,false,false
Today Years Old,todayyearsoldig,'1010274287591161856',true,2018-06-22 17:32:14,"Your source for the latest trends, discoveries, and most shocking truths & little-known facts about the world. 🚀 DM us your findings!",949,1046840,119,4062,"Los Angeles, CA",598,https://pbs.twimg.com/profile_banners/1010274287591161856/1664397851,https://www.twitter.com/todayyearsoldig,https://pbs.twimg.com/profile_images/1587882232349237248/SgLmrHv-_normal.jpg,false,true
Donda Times,dondatimes,'1415777731535458304',true,2021-07-15 16:59:06,everything about Ye - dondatimes.contact@gmail.com,7639,137704,664,28306,,3268,https://pbs.twimg.com/profile_banners/1415777731535458304/1643752897,https://www.twitter.com/dondatimes,https://pbs.twimg.com/profile_images/1488631918249787394/xyzvUozY_normal.jpg,false,true
Morbid Knowledge,Morbidful,'1579455680884391938',true,2022-10-10 08:56:08,The Dark Side Of X,5232,2333838,2,832,,3487,https://pbs.twimg.com/profile_banners/1579455680884391938/1701599920,https://www.twitter.com/Morbidful,https://pbs.twimg.com/profile_images/1731261192176377856/8d998Pvf_normal.jpg,false,true
Michael David,MichaelDavidTV,'319872281',true,2011-06-18 18:11:24,Artist & Dreamer • 🤍 #TheKardashians Fan —— Creator/Cohost of #LeaveItOnTheDanceFloor 🎙️,56078,3466,979,79106,,3917,https://pbs.twimg.com/profile_banners/319872281/1650508103,https://www.twitter.com/MichaelDavidTV,https://pbs.twimg.com/profile_images/1599961606338797568/Uv5bawpG_normal.jpg,false,true
Max,StreamOnMax,'89090040',true,2009-11-10 21:51:54,The One to Watch for the HBO Original Limited Series #TheSympathizer.,25819,1341916,776,4987,,5528,https://pbs.twimg.com/profile_banners/89090040/1712761922,https://www.twitter.com/StreamOnMax,https://pbs.twimg.com/profile_images/1744363852001681408/OaqVEWfL_normal.jpg,false,true
Demi Moore,justdemi,'19554706',false,2009-01-26 15:21:06,,5516,4289153,336,1252,,362,https://pbs.twimg.com/profile_banners/19554706/1569430743,https://www.twitter.com/justdemi,https://pbs.twimg.com/profile_images/1169295280870739972/UbufVd3f_normal.jpg,false,true
‏ً,bound2kimk,'1664622626',true,2013-08-12 05:21:47,"followed by kim, khloé and kris",54037,47262,146,4791,,5194,https://pbs.twimg.com/profile_banners/1664622626/1672654978,https://www.twitter.com/bound2kimk,https://pbs.twimg.com/profile_images/1749160181609443328/FvoEUwrM_normal.jpg,false,false
Drizzy,Drake,'27195114',false,2009-03-28 03:17:46,,1847,39296444,602,66,Paradise,107,https://pbs.twimg.com/profile_banners/27195114/1423265801,https://www.twitter.com/Drake,https://pbs.twimg.com/profile_images/563843814725402624/Vb8k670S_normal.png,false,true
Britney Spears 🌹🚀,britneyspears,'16409683',false,2008-09-22 16:47:35,Artist 🎶💃🏼 Mamma 👩‍👦‍👦 Pray Every Day 🙏🏼✝️ Chef in the works💋👩🏼‍🍳,5361,54766824,344990,2427,"Los Angeles, CA",1140,https://pbs.twimg.com/profile_banners/16409683/1698163837,https://www.twitter.com/britneyspears,https://pbs.twimg.com/profile_images/1323418800876777474/0w4orMOC_normal.jpg,false,true
SKKY Partners,SKKYPartners,'1557783550451130368',false,2022-08-11 13:38:47,Next Generation Consumer & Media Private Equity Firm co-founded by Kim Kardashian and Jay Sammons,14,8290,1,0,,9,https://pbs.twimg.com/profile_banners/1557783550451130368/1662516698,https://www.twitter.com/SKKYPartners,https://pbs.twimg.com/profile_images/1567297380239962118/Wccmy6za_normal.jpg,false,false
Molls,thekimkblog,'1675906962',true,2013-08-16 11:02:24,IG: mollsbeautyclicks,12421,6890,339,41339,,1123,https://pbs.twimg.com/profile_banners/1675906962/1698942482,https://www.twitter.com/thekimkblog,https://pbs.twimg.com/profile_images/1745513963347927040/L4hAIjzk_normal.jpg,false,false
Kim Kardashian Norway,kimknorway,'263875829',false,2011-03-10 17:32:17,"First Norwegian Kim Kardashian fanpage, not impersonating.",25091,7479,124,3300,Followed by Kim. ♡,702,https://pbs.twimg.com/profile_banners/263875829/1704853376,https://www.twitter.com/kimknorway,https://pbs.twimg.com/profile_images/1744908058264780800/oW4c76Pw_normal.jpg,false,true
Jake,dajakecalderon,'1532178806437466117',true,2022-06-01 21:54:35,"i love myself, Chilis, and Kim Kardashian",14676,2352,548,28324,TEXAS,1329,https://pbs.twimg.com/profile_banners/1532178806437466117/1657293167,https://www.twitter.com/dajakecalderon,https://pbs.twimg.com/profile_images/1779973809031839744/FdsugJJm_normal.jpg,false,false
Mark Cuban,mcuban,'16228398',false,2008-09-10 17:12:01,"Dunking on the pharma industry with @costplusdrugs.com, the lowest prices on meds anywhere. check it out !",7516,8842506,2201,10274,,175,https://pbs.twimg.com/profile_banners/16228398/1398982404,https://www.twitter.com/mcuban,https://pbs.twimg.com/profile_images/1422637130/mccigartrophy_normal.jpg,false,true
✨,BonGucci,'159264593',true,2010-06-24 18:41:41,"see, i know my destination, i’m just not there",164729,9392,775,14323,"Houston, TX",10200,https://pbs.twimg.com/profile_banners/159264593/1693168486,https://www.twitter.com/BonGucci,https://pbs.twimg.com/profile_images/1695867914442711040/aogAZ45r_normal.jpg,false,false
ZACHARY SPENCER 👑,ZACHARYSPENCER_,'425483681',true,2011-11-30 21:10:01,Be yourself 💫 ————— Get to know me. @kimkardashian Stan @skkn FAN @poosh & @kardashianshulu STAN Instagram: @ zacharyspencer 📸,28432,4252,1158,43386,"Lynn, MA",2810,https://pbs.twimg.com/profile_banners/425483681/1656084851,https://www.twitter.com/ZACHARYSPENCER_,https://pbs.twimg.com/profile_images/1767000654088712192/G04si6r0_normal.jpg,false,false
Nojo Liz,lizpkardash,'1286656465244225536',false,2020-07-24 09:36:28,"unverified stan, verified nobody",4103,7553,491,26265,"Calabasas, CA",732,https://pbs.twimg.com/profile_banners/1286656465244225536/1637177893,https://www.twitter.com/lizpkardash,https://pbs.twimg.com/profile_images/1666781042563338240/gOeOivFg_normal.jpg,false,false
Sister Helen Prejean,helenprejean,'14154231',true,2008-03-15 15:57:38,"Mastodon: @helenprejean@mindly.social. Anti-death penalty activist, spiritual adviser to men and women on death row. Author of Dead Man Walking.",19703,162602,641,14892,"New Orleans, LA",663,https://pbs.twimg.com/profile_banners/14154231/1556643548,https://www.twitter.com/helenprejean,https://pbs.twimg.com/profile_images/1461760027258015745/3Lls_f84_normal.jpg,false,false
Monica,MonicaDenise,'43214455',false,2009-05-28 18:37:17,"Rocko, Romelo & Laiyah's Mommy IG: @MonicaDenise /New Single ""LETTERS"" Out Now - https://t.co/mAKxXeuOzP",35423,1613870,649,97,,2148,https://pbs.twimg.com/profile_banners/43214455/1706392955,https://www.twitter.com/MonicaDenise,https://pbs.twimg.com/profile_images/1751365057743659008/_XlwT1L__normal.jpg,false,true
Fai,yourboyfai,'1245016111',false,2013-03-05 20:27:41,,5,7556,28,114,Los Angeles,0,https://pbs.twimg.com/profile_banners/1245016111/1447746459,https://www.twitter.com/yourboyfai,https://pbs.twimg.com/profile_images/1053164195749842944/vdDQAyHw_normal.jpg,false,false
AP Fashion,AP_Fashion,'71352734',false,2009-09-03 16:37:15,"Fashion news from The Associated Press, updated by AP journalists in NYC, Paris, Milan and other fashion capitals around the world",7660,320463,2683,229,,1409,https://pbs.twimg.com/profile_banners/71352734/1536714699,https://www.twitter.com/AP_Fashion,https://pbs.twimg.com/profile_images/1848274843/APLogo_Twitter_normal.jpg,false,false
ϟ,everyhour,'2293291879',false,2014-01-15 14:51:25,"Wake up, Mr. West! Oh, he’s up!",40745,18923,496,381297,,4723,https://pbs.twimg.com/profile_banners/2293291879/1707148435,https://www.twitter.com/everyhour,https://pbs.twimg.com/profile_images/1754534027627839490/1oKpcybb_normal.jpg,false,false
Erin Haney,EdyHaney,'3148733203',true,2015-04-10 19:04:22,Policy & Law Director at @REFORM Alliance; Senior Counsel at #cut50; all views are my own and not attributable to my employer(s),545,3057,291,1659,"San Francisco, CA",8,https://pbs.twimg.com/profile_banners/3148733203/1702807576,https://www.twitter.com/EdyHaney,https://pbs.twimg.com/profile_images/1736326893631066112/ksSq-zz9_normal.jpg,false,false
noemi,NoemyeWest,'624010637',true,2012-07-01 15:20:33,"I’m a star, how could I not shine?",98998,10895,427,25950,oak cliff tx,2896,https://pbs.twimg.com/profile_banners/624010637/1680477059,https://www.twitter.com/NoemyeWest,https://pbs.twimg.com/profile_images/1772290540354019328/4i81ZTRL_normal.jpg,false,false
Kim,TheKimbino,'1166690855979106304',false,2019-08-28 08:36:47,,40933,47986,735,29219,,8451,https://pbs.twimg.com/profile_banners/1166690855979106304/1686632866,https://www.twitter.com/TheKimbino,https://pbs.twimg.com/profile_images/1772534107832229888/bjHLPzbF_normal.jpg,false,false
Armenia 🇦🇲,armenia,'776750995313491968',true,2016-09-16 07:54:03,Official @X account of the Republic of #Armenia,3654,113682,243,1804,Armenia,2856,https://pbs.twimg.com/profile_banners/776750995313491968/1685535715,https://www.twitter.com/armenia,https://pbs.twimg.com/profile_images/1663114956156403712/LoH-w5Fx_normal.jpg,false,false
Baller Alert 🚨,balleralert,'14204133',false,2008-03-23 19:07:33,"News, Events, Gossip, and More. Politics and Civics @polialertcom Facebook: balleralertcom Instagram: balleralert Merch: ballermerch dot com",59937,320118,237,1723,Ballerville Circa 2007,54778,https://pbs.twimg.com/profile_banners/14204133/1710434460,https://www.twitter.com/balleralert,https://pbs.twimg.com/profile_images/1644447517323534337/mcsO6KD__normal.jpg,false,true
JustJared.com,JustJared,'19538986',false,2009-01-26 10:24:26,"Your #1 Entertainment Authority

Also follow @jaredeng @justjaredjr",289036,718447,2814,1110,New York City,46039,https://pbs.twimg.com/profile_banners/19538986/1403589512,https://www.twitter.com/JustJared,https://pbs.twimg.com/profile_images/1299557778432733184/2Td7yYNU_normal.jpg,false,false
E! News,enews,'2883841',false,2007-03-29 15:42:27,"Your source for entertainment news, celebrities and pop culture.",334135,11742951,105048,29074,"Hollywood, CA",104281,https://pbs.twimg.com/profile_banners/2883841/1712705936,https://www.twitter.com/enews,https://pbs.twimg.com/profile_images/1589726783917654020/DqxOturq_normal.jpg,false,true
Adrienne Eliza Houghton,AdrienneBailon,'21534339',false,2009-02-21 20:22:42,,16997,579253,532,7243,HOME 💗,1309,https://pbs.twimg.com/profile_banners/21534339/1501696857,https://www.twitter.com/AdrienneBailon,https://pbs.twimg.com/profile_images/892807440361762825/WQTs05tN_normal.jpg,false,false
Tony Williams,TWFTonyWilliams,'116861193',false,2010-02-23 15:15:19,New single “U.B.U.B.U. is available NOW! For booking contact: @Alaska,13284,16500,903,1981,Everywhere G.O.O.D Music is,531,https://pbs.twimg.com/profile_banners/116861193/1674868447,https://www.twitter.com/TWFTonyWilliams,https://pbs.twimg.com/profile_images/1619141693218881536/zCoaDHav_normal.jpg,false,false
Eric Esrailian,esrailian,'566572629',false,2012-04-29 13:17:34,MD named a #UCLAoptimist/Emmy-Nominated/Film Producer/The Promise + more/Entrepreneur/Investor/Storyteller/Aspiring Polymath/Tweets are my own,3343,27646,391,140499,"Los Angeles, California",436,https://pbs.twimg.com/profile_banners/566572629/1489978301,https://www.twitter.com/esrailian,https://pbs.twimg.com/profile_images/1180725554556887040/l1K2Ioah_normal.jpg,false,true
Yoko Ono,yokoono,'17681513',false,2008-11-27 11:06:43,"Official Yoko Ono 𝕏 account, administered by Yoko’s office, Studio One. IMAGINE PEACE: Think Peace, Act Peace, Spread Peace. ䷊⊙🏳️",15573,4428378,827672,990,New York,3466,https://pbs.twimg.com/profile_banners/17681513/1712011053,https://www.twitter.com/yokoono,https://pbs.twimg.com/profile_images/1609994659761164290/oNNtX-iQ_normal.jpg,false,true
Travis White,TravisWhite,'50144842',true,2009-06-23 19:50:35,Louisiana Native | Social Media Savvy 👨🏽‍💻 | Vegan 🌱,7297,5004,106,172,"Los Angeles, CA",873,https://pbs.twimg.com/profile_banners/50144842/1680012469,https://www.twitter.com/TravisWhite,https://pbs.twimg.com/profile_images/1724824641569738752/gGrifkn2_normal.jpg,false,false
Dream.Org Justice Team,DreamJustice,'2515448870',true,2014-05-22 09:31:35,Working with a coalition of directly impacted advocates to reduce crime and incarceration across all 50 states. A program of @thedreamcorps. Formerly #cut50.,18418,22228,3373,21173,,2029,https://pbs.twimg.com/profile_banners/2515448870/1659041658,https://www.twitter.com/DreamJustice,https://pbs.twimg.com/profile_images/1552759373230899201/8frtdBqf_normal.png,false,false
Brittany K. Barnett,MsBKB,'26067333',true,2009-03-23 15:14:19,"entrepreneur. lawyer. author of A KNOCK AT MIDNIGHT: A STORY OF HOPE, JUSTICE & FREEDOM / @buriedaliveproj / @gem_amplifyher / Manifest Freedom Fund",16091,8692,1774,8293,"Dallas, TX",409,https://pbs.twimg.com/profile_banners/26067333/1613876537,https://www.twitter.com/MsBKB,https://pbs.twimg.com/profile_images/1733640677722832896/jV2UCp5L_normal.jpg,false,false
Kιɱ K Fαɳ,KimKLegion,'2431396087',true,2014-04-06 23:29:02,ᴀʟʟ ᴀʙᴏᴜᴛ ᴋɪᴍ ᴋᴀʀᴅᴀꜱʜɪᴀɴ | ꜰᴀɴ ᴀᴄᴄᴏᴜɴᴛ,5663,79197,201,1205,México,2067,https://pbs.twimg.com/profile_banners/2431396087/1644432225,https://www.twitter.com/KimKLegion,https://pbs.twimg.com/profile_images/1491483024260751361/6rl1qVyO_normal.jpg,false,false
Alice Marie Johnson,AliceMarieFree,'1009976545044201472',false,2018-06-21 21:49:07,Grandmother | Author | Criminal Justice Advocate | Granted Clemency by President @realDonaldTrump after 21 Years in Prison,1278,29761,279,3974,"Memphis, TN",183,https://pbs.twimg.com/profile_banners/1009976545044201472/1550348499,https://www.twitter.com/AliceMarieFree,https://pbs.twimg.com/profile_images/1618735367653310464/Wz20LTrX_normal.jpg,false,false
Ellen DeGeneres,EllenDeGeneres,'15846407',true,2008-08-13 23:50:42,"Comedian, talk show host and ice road trucker. My tweets are real, and they’re spectacular.",24643,74415226,25067,4393,California,8366,,https://www.twitter.com/EllenDeGeneres,https://pbs.twimg.com/profile_images/1478120772044574724/v-dDUYb7_normal.jpg,false,true
Jen,UltimateKimK_,'92981601',false,2009-11-27 09:44:59,Since 2010 @UltimateKimK | Followed by @KimKardashian ♥ Instagram: UltimateKimKardashian | Contact: ultimatekimkardashian@gmail.com,17521,83843,77,71,Hong Kong,2490,https://pbs.twimg.com/profile_banners/92981601/1634994549,https://www.twitter.com/UltimateKimK_,https://pbs.twimg.com/profile_images/1715891424435281920/hQGvZxBC_normal.jpg,false,false
Christina,munchkin_xo,'27305922',true,2009-03-28 16:52:14,,28628,5368,148,40332,"Brooklyn, New York",3999,https://pbs.twimg.com/profile_banners/27305922/1709867660,https://www.twitter.com/munchkin_xo,https://pbs.twimg.com/profile_images/1774866231226519552/m_gmv6mo_normal.jpg,false,false
"live, Laugh, Kim",KimKWestPics,'709781125053485056',true,2016-03-15 12:39:42,• Followed By Khloé & Kim Kardashian 🙌🏽🦋 FANPAGE,12672,66494,217,13792,,1674,https://pbs.twimg.com/profile_banners/709781125053485056/1670089579,https://www.twitter.com/KimKWestPics,https://pbs.twimg.com/profile_images/1599097626875551745/P-oM1B1o_normal.jpg,false,false
nicole,KrysJenner,'4698695792',true,2016-01-02 16:33:53,,93921,20152,482,42525,,5683,https://pbs.twimg.com/profile_banners/4698695792/1692868389,https://www.twitter.com/KrysJenner,https://pbs.twimg.com/profile_images/1759188268996861952/d9X8ZMO__normal.jpg,false,false
ParisHilton,ParisHilton,'24929621',false,2009-03-17 14:45:05,"Pre-save my new song ""Fame Won't Love You"" with Sia ⭐️🎶",29419,16493025,18345,33076,"Los Angeles, CA",5556,https://pbs.twimg.com/profile_banners/24929621/1713190368,https://www.twitter.com/ParisHilton,https://pbs.twimg.com/profile_images/1674599869456220160/pBhevsQ1_normal.jpg,false,true
Rihanna,rihanna,'79293791',false,2009-10-02 17:37:33,,10718,107963029,969,976,,2207,https://pbs.twimg.com/profile_banners/79293791/1666801643,https://www.twitter.com/rihanna,https://pbs.twimg.com/profile_images/1585851311701970945/fC9dfWVm_normal.jpg,false,true
Eli Russell Linnetz,elirusellinnetz,'402498931',true,2011-11-01 01:03:12,,152,3521,0,518,,49,https://pbs.twimg.com/profile_banners/402498931/1513018970,https://www.twitter.com/elirusellinnetz,https://pbs.twimg.com/profile_images/940295823904030726/LKFjLu0-_normal.jpg,false,false
The YEARS Project,YEARSofLIVING,'308245641',true,2011-05-30 22:29:26,"We harness the power of storytelling to compel action on the climate crisis. #YEARSproject

Owned by The YEARS Project Inc.",30799,30552,2568,11004,,4241,https://pbs.twimg.com/profile_banners/308245641/1516915218,https://www.twitter.com/YEARSofLIVING,https://pbs.twimg.com/profile_images/956635289811935232/1lYTLJT9_normal.jpg,false,false
luisjosé.,narcicismo,'766593995724193792',true,2016-08-19 07:13:46,.𖥔 ݁ ˖🪐.𖥔 ݁ ˖,31917,13512,275,51065,,5940,https://pbs.twimg.com/profile_banners/766593995724193792/1706990618,https://www.twitter.com/narcicismo,https://pbs.twimg.com/profile_images/1753874080644661248/FloFycxG_normal.jpg,false,false
Cardi B,iamcardib,'866953267',false,2012-10-07 16:53:16,Mrs.DANGEROUS,32243,33554420,5,6266,In your mind rent free,2341,https://pbs.twimg.com/profile_banners/866953267/1710194486,https://www.twitter.com/iamcardib,https://pbs.twimg.com/profile_images/1767309806073704448/biHbGkLx_normal.jpg,false,true
Diana G,diana_guirguis,'553873050',true,2012-04-14 15:51:42,|Kim Kardashian West enthusiast| ♈️ instagram: @ dianagggg,43191,13573,133,13544,"Florida, USA",1796,https://pbs.twimg.com/profile_banners/553873050/1617326743,https://www.twitter.com/diana_guirguis,https://pbs.twimg.com/profile_images/1774863650810953728/5MqKNx6l_normal.jpg,false,false
LeTroy Davis,letroydavis,'23399852',false,2009-03-09 00:04:53,i fly above.,449949,20893,446,4858,Global,9839,https://pbs.twimg.com/profile_banners/23399852/1693264192,https://www.twitter.com/letroydavis,https://pbs.twimg.com/profile_images/1776035088750497792/idAWcoLt_normal.jpg,false,false
Brianna,KimKDelRey,'51256722',true,2009-06-26 18:34:17,supergoddess,50216,13617,459,76674,"Dreamland, USA",1098,https://pbs.twimg.com/profile_banners/51256722/1705599010,https://www.twitter.com/KimKDelRey,https://pbs.twimg.com/profile_images/1774771522080587776/6pTPFljN_normal.jpg,false,false
Kim,Kanyeberly,'718888876694183937',true,2016-04-09 15:50:39,,61637,8328,235,22819,"Toronto, Ontario",3202,https://pbs.twimg.com/profile_banners/718888876694183937/1666915356,https://www.twitter.com/Kanyeberly,https://pbs.twimg.com/profile_images/1631595654928539649/MxSDVhRy_normal.jpg,false,false
Leslie ♥,rodashian,'66923591',true,2009-08-19 01:47:24,Get your fckng ass up & work. || ✨KKW follows ✨||,33189,17074,125,15487,"Chicago, IL",5208,https://pbs.twimg.com/profile_banners/66923591/1677696656,https://www.twitter.com/rodashian,https://pbs.twimg.com/profile_images/1672997030204002304/4dLK29hX_normal.jpg,false,false
Asya,AsyaKardashian,'884566603995774977',true,2017-07-10 20:14:47,,23530,17444,121,25770,,1505,https://pbs.twimg.com/profile_banners/884566603995774977/1678368608,https://www.twitter.com/AsyaKardashian,https://pbs.twimg.com/profile_images/1633822174158163968/bJm0M4m2_normal.jpg,false,false
kelsey,kelsssmiller,'34536296',false,2009-04-23 00:50:01,you ever wonder what it all really means?,103065,36404,331,6223,Followed by Kim and Khloé,12225,https://pbs.twimg.com/profile_banners/34536296/1710208640,https://www.twitter.com/kelsssmiller,https://pbs.twimg.com/profile_images/1767369111879749632/Qtdi8EV4_normal.jpg,false,false
ℝ𝕠𝕘,BeautyByRog,'2910065027',true,2014-12-07 18:23:43,just living life,23732,36454,290,10120,Jersey ,5339,https://pbs.twimg.com/profile_banners/2910065027/1708980182,https://www.twitter.com/BeautyByRog,https://pbs.twimg.com/profile_images/1761606047838429184/NsheT12p_normal.jpg,false,false
Kim Kardashian: Hollywood,KKHOfficial,'2871676429',false,2014-10-22 15:19:05,Join @KimKardashian on a red carpet adventure in Kim Kardashian: Hollywood! Create your own celebrity and rise to fame & fortune! #KimKardashianGame,1757,90960,8,1107,,440,https://pbs.twimg.com/profile_banners/2871676429/1667339996,https://www.twitter.com/KKHOfficial,https://pbs.twimg.com/profile_images/1587565121462747144/3UrXLYjt_normal.jpg,false,false
Kim Kardashian News,KimKSocial,'3386551083',true,2015-07-21 20:39:24,Fan account. Followed by Kim 🤍,19975,66451,196,17087,,7078,https://pbs.twimg.com/profile_banners/3386551083/1650994320,https://www.twitter.com/KimKSocial,https://pbs.twimg.com/profile_images/1519006346687004673/ZMr7kMw0_normal.jpg,false,false
NAE ★,Naeonyx,'768449146462154754',true,2016-08-24 10:05:28,,22199,31529,392,94888,dreams ☁️,3508,https://pbs.twimg.com/profile_banners/768449146462154754/1693843022,https://www.twitter.com/Naeonyx,https://pbs.twimg.com/profile_images/1754334618348642304/XMHSImwe_normal.jpg,false,false
Sarah Howard,sarahrhoward,'22706165',false,2009-03-03 19:25:26,📍liberal bubble,7444,22689,413,7250,LA/ NYC,258,https://pbs.twimg.com/profile_banners/22706165/1465220685,https://www.twitter.com/sarahrhoward,https://pbs.twimg.com/profile_images/928406005590794240/YrFh9kLL_normal.jpg,false,false
Harry Hudson,harryhudson,'599503952',false,2012-06-04 15:40:24,“EMOTIONAL HANGOVER” // Out now,3864,89847,974,2174,"Los Angeles, CA",451,https://pbs.twimg.com/profile_banners/599503952/1684449633,https://www.twitter.com/harryhudson,https://pbs.twimg.com/profile_images/1662991520402915329/87uCt32y_normal.jpg,false,true
TeamKanyeDaily,TeamKanyeDaily,'189470083',false,2010-09-11 06:25:35,Updates on all things Kanye West. teamkanyedaily@gmail.com,32522,261905,530,1997,,4998,https://pbs.twimg.com/profile_banners/189470083/1591765967,https://www.twitter.com/TeamKanyeDaily,https://pbs.twimg.com/profile_images/1270324039643471873/Kce83JT4_normal.jpg,false,false
KimYeFans,KimAndYeFans,'4048732336',false,2015-10-26 16:45:56,Followed By Kim but Not Affiliated. FanPage,12905,84013,232,8860,,2857,https://pbs.twimg.com/profile_banners/4048732336/1563451639,https://www.twitter.com/KimAndYeFans,https://pbs.twimg.com/profile_images/1126257539404959745/522eJYb7_normal.jpg,false,false
Vogue Runway,VogueRunway,'21401466',false,2009-02-20 09:46:10,See fashion first.,145827,2790579,585,3587,,79233,https://pbs.twimg.com/profile_banners/21401466/1679931345,https://www.twitter.com/VogueRunway,https://pbs.twimg.com/profile_images/1677262610301943808/VwS0Z3pu_normal.jpg,false,true
Daily Mail Online,MailOnline,'15438913',false,2008-07-15 06:17:46,For the latest updates on breaking news visit our website https://t.co/cs4EQ2odpE #seriouslypopular,583817,2839639,2185,634,,130582,https://pbs.twimg.com/profile_banners/15438913/1663943218,https://www.twitter.com/MailOnline,https://pbs.twimg.com/profile_images/1573318003554455553/f0lnn5Bv_normal.jpg,false,true
Daily Mail Celebrity,DailyMailCeleb,'111556701',false,2010-02-05 05:20:03,Latest celeb and entertainment news from the Daily Mail Showbiz team. We're on Facebook too: https://t.co/EWFBZDOmL3,306982,454621,904,2414,,44897,https://pbs.twimg.com/profile_banners/111556701/1492620171,https://www.twitter.com/DailyMailCeleb,https://pbs.twimg.com/profile_images/1009375235735420928/AcgQopq5_normal.jpg,false,false
chrissy teigen,chrissyteigen,'39364684',false,2009-05-11 18:50:04,de-motivational speaker,15941,12511230,4646,35868,couch,2210,https://pbs.twimg.com/profile_banners/39364684/1607474821,https://www.twitter.com/chrissyteigen,https://pbs.twimg.com/profile_images/1243351734757425152/e8JZwf03_normal.jpg,false,true
Caitlyn Jenner,Caitlyn_Jenner,'3303293865',false,2015-05-29 21:08:18,Olympian. Fox News Contributor. Fairness First Advocate. Motivational Speaker. NYT Best Selling Author. Media Personality. comms+ mgmt: Sophia@CaitlynJenner.com,3484,3346404,130,5007,"California, USA",384,https://pbs.twimg.com/profile_banners/3303293865/1684275048,https://www.twitter.com/Caitlyn_Jenner,https://pbs.twimg.com/profile_images/1385494688036130819/MWbms7um_normal.jpg,false,true
Olivier Rousteing,ORousteing,'607599583',false,2012-06-13 18:11:06,"This is the official Twitter account of Olivier Rousteing, Creative Director @Balmain. I'm also on Instagram @Olivier_Rousteing.",422,74206,95,29,Paris,21,https://pbs.twimg.com/profile_banners/607599583/1586677919,https://www.twitter.com/ORousteing,https://pbs.twimg.com/profile_images/1249242309725732864/H6Qyur3P_normal.jpg,false,false
Pat McGrath,patmcgrathreal,'305217958',true,2011-05-25 17:01:35,Makeup Artist. THE #1 PERFECT RED IS BACK IN STOCK 💄,18765,815737,785,17070,"New York, NY",6283,https://pbs.twimg.com/profile_banners/305217958/1711989845,https://www.twitter.com/patmcgrathreal,https://pbs.twimg.com/profile_images/1397441178/Pat_McGrath_backstage_shot_-_small_normal.jpg,false,true
Imogen K,lovekardashhian,'2731976573',false,2014-08-02 18:38:42,Love and Supporting Kim since day one&always!,1934,119963,172,37,,44,https://pbs.twimg.com/profile_banners/2731976573/1670671055,https://www.twitter.com/lovekardashhian,https://pbs.twimg.com/profile_images/1601534994538811394/TGWyzGZM_normal.jpg,false,false
stephanie suganami (she/her),steph_shep,'1644644486',false,2013-08-04 03:36:53,,184,59646,5,1942,,0,https://pbs.twimg.com/profile_banners/1644644486/1568747566,https://www.twitter.com/steph_shep,https://pbs.twimg.com/profile_images/1679387446872776704/3g1Cg01O_normal.jpg,false,false
Andre Leon Talley,OfficialALT,'118780654',false,2010-03-01 13:43:36,"The Chiffon Trenches, available now",2709,168542,96,216,New York,32,https://pbs.twimg.com/profile_banners/118780654/1589926599,https://www.twitter.com/OfficialALT,https://pbs.twimg.com/profile_images/1255501272192561155/xk2_Rhs5_normal.jpg,false,false
Jaden,jaden,'262794965',false,2011-03-08 14:41:06,The Influence,6626,7748908,187,2208,,1744,https://pbs.twimg.com/profile_banners/262794965/1675713101,https://www.twitter.com/jaden,https://pbs.twimg.com/profile_images/1711468705778106368/aOUDDYCC_normal.jpg,false,true
Vogue Magazine,voguemagazine,'136361303',false,2010-04-23 14:33:32,The official Twitter of Vogue,189679,15196040,450,5129,"New York, NY",12589,https://pbs.twimg.com/profile_banners/136361303/1712660608,https://www.twitter.com/voguemagazine,https://pbs.twimg.com/profile_images/1677094817703100416/rE6pdqIa_normal.jpg,false,true
Oprah Winfrey,Oprah,'19397785',false,2009-01-23 10:18:34,,13646,41747237,312,288,,1000,https://pbs.twimg.com/profile_banners/19397785/1419227197,https://www.twitter.com/Oprah,https://pbs.twimg.com/profile_images/1123359369570148353/Mh-Rf4Sk_normal.jpg,false,true
CR FASHION BOOK,CRFASHIONBOOK,'595997584',true,2012-05-31 21:20:37,A magazine of style & inspiration by Carine Roitfeld,43379,123788,255,1808,New York,7785,https://pbs.twimg.com/profile_banners/595997584/1709213859,https://www.twitter.com/CRFASHIONBOOK,https://pbs.twimg.com/profile_images/1231943994730536960/i0JhVI8S_normal.jpg,false,false
Demi Lovato,ddlovato,'21111883',false,2009-02-17 13:02:08,REVAMPED Out Now,17748,52600786,2,3929,DALLAS/LA,2553,https://pbs.twimg.com/profile_banners/21111883/1694750898,https://www.twitter.com/ddlovato,https://pbs.twimg.com/profile_images/1661583350740713472/t3MvYh2d_normal.jpg,false,true
UberFacts,UberFacts,'95023423',false,2009-12-06 11:07:01,The most unimportant things you’ll never need to know 💥,237088,13256005,1,1214,🌎,27804,https://pbs.twimg.com/profile_banners/95023423/1671158239,https://www.twitter.com/UberFacts,https://pbs.twimg.com/profile_images/1603579996064227328/TAcR_zuP_normal.jpg,false,true
Jen Atkin Hair,jenatkinhair,'50083860',false,2009-06-23 16:01:44,Celeb Hairstylist LA/NY/UAE bookings nicole@mane-management.com partnerships sherry@blendedstrategy.com,15084,86609,526,9647,LA/NY/DUBAI,1197,https://pbs.twimg.com/profile_banners/50083860/1606940376,https://www.twitter.com/jenatkinhair,https://pbs.twimg.com/profile_images/450016683025920000/6AjuIMXT_normal.jpeg,false,false
Harper’s BAZAAR,harpersbazaarus,'32469566',false,2009-04-17 12:32:56,The official Twitter feed of Harper’s BAZAAR,127648,1672505,884,11493,New York City,76491,https://pbs.twimg.com/profile_banners/32469566/1710767718,https://www.twitter.com/harpersbazaarus,https://pbs.twimg.com/profile_images/864508743131709440/IbDpiD8Y_normal.jpg,false,true
iHeartKim.net,iheartkimnet,'36706765',true,2009-04-30 12:38:52,The leading Kim Kardashian fan-site. Shop @SKIMS and @SKKN now. Not affiliated with Kim Kardashian.,2977,59275,80,62,United Kingdom,105,https://pbs.twimg.com/profile_banners/36706765/1653339599,https://www.twitter.com/iheartkimnet,https://pbs.twimg.com/profile_images/1682170873808027649/6cZ_VHOn_normal.jpg,false,false
ye,kanyewest,'169686021',false,2010-07-22 19:00:05,,1955,32421329,0,1,,780,https://pbs.twimg.com/profile_banners/169686021/1428444619,https://www.twitter.com/kanyewest,https://pbs.twimg.com/profile_images/1276461929934942210/cqNhNk6v_normal.jpg,false,true
Steve Stoute,SteveStoute,'56871360',false,2009-07-14 20:39:08,Super Focused,1812,86750,82,26,NYC,105,https://pbs.twimg.com/profile_banners/56871360/1470675146,https://www.twitter.com/SteveStoute,https://pbs.twimg.com/profile_images/1100580864667336704/V-8UfqOX_normal.png,false,false
Katarina,WannaBeLikeKim,'135530877',true,2010-04-21 11:20:14,"Let your dreams be bigger than your fears and your actions louder than your words. 🦋

 katarina.kardashian@yahoo.com",114887,72898,82,50,Serbia 🤎,6868,https://pbs.twimg.com/profile_banners/135530877/1586027988,https://www.twitter.com/WannaBeLikeKim,https://pbs.twimg.com/profile_images/1696249565601574912/hy6OBVVn_normal.jpg,false,false
Kardashian Navy,KardashianNavy,'138503785',false,2010-04-29 14:45:35,Kardashian/Jenner/West fanpage •• contact: kardashiansworld@gmail.com ❤️,34791,241878,120,1352,DASH // New York ,9276,https://pbs.twimg.com/profile_banners/138503785/1533906558,https://www.twitter.com/KardashianNavy,https://pbs.twimg.com/profile_images/681607394015711232/8gkR3uBX_normal.jpg,false,false
KrazyForKardash (Francesca),KrazyForKardash,'221490219',false,2010-11-30 15:21:53,Just a gal who likes to pretend she's part of the Kardashian/Jenner family. What's it to ya • #GOODSQUAD • Wilhelmina NYC,7193,157984,179,272,DASH,1050,https://pbs.twimg.com/profile_banners/221490219/1694729995,https://www.twitter.com/KrazyForKardash,https://pbs.twimg.com/profile_images/1717763873141407744/xcH97pt6_normal.jpg,false,false
David Grutman,DaveGrutman,'34811069',false,2009-04-23 22:04:19,Secret Agent,18852,54889,100,11631,Miami,2829,https://pbs.twimg.com/profile_banners/34811069/1428965109,https://www.twitter.com/DaveGrutman,https://pbs.twimg.com/profile_images/1607202037409935360/SddCodbm_normal.jpg,false,false
Foodgod,foodgod,'24531730',false,2009-03-15 10:45:23,,77,614832,71,9697,,1,https://pbs.twimg.com/profile_banners/24531730/1461904889,https://www.twitter.com/foodgod,https://pbs.twimg.com/profile_images/1577513900525895681/DHPA3q49_normal.jpg,false,true
Loren Ridinger,lorenridinger,'34892616',true,2009-04-24 06:12:58,Co-Founder of @MarketAmerica & @SHOPCOM and Entrepreneur.,99483,407750,1145,1252,,5005,,https://www.twitter.com/lorenridinger,https://pbs.twimg.com/profile_images/1097643287542984705/hTEpfeFl_normal.png,false,false
People,people,'25589776',false,2009-03-20 18:30:24,The #1 source for celebrity news and inspiring stories. ✨,479448,7654970,1635,4655,,126586,https://pbs.twimg.com/profile_banners/25589776/1703179451,https://www.twitter.com/people,https://pbs.twimg.com/profile_images/703345483218067456/waTSntUG_normal.jpg,false,true
Mario Dedivanovic,MakeupByMario,'23261363',false,2009-03-07 20:37:45,"Makeup Artist, Founder & CEO.   Shop: https://t.co/INjPOEZAQf  #makeupbymario",5651,209290,359,501,"New York, NY",522,https://pbs.twimg.com/profile_banners/23261363/1600895349,https://www.twitter.com/MakeupByMario,https://pbs.twimg.com/profile_images/1330558915575238658/GPYPCAlk_normal.jpg,false,false
Elizabeth Taylor,ElizabethTaylor,'27109019',true,2009-03-27 18:01:14,"Welcome to the official #ElizabethTaylor Twitter account. Curated by House of Taylor to celebrate Elizabeth’s values, her work, and her passions.",1435,257529,100,269,,1035,https://pbs.twimg.com/profile_banners/27109019/1677612014,https://www.twitter.com/ElizabethTaylor,https://pbs.twimg.com/profile_images/1100846667807391744/L_qFcg--_normal.png,false,false
Kylie Jenner,KylieJenner,'236699098',false,2011-01-11 00:03:57,,14346,39934599,938,431,,3220,https://pbs.twimg.com/profile_banners/236699098/1709500151,https://www.twitter.com/KylieJenner,https://pbs.twimg.com/profile_images/1762887680617234432/ykwec6z2_normal.jpg,false,true
Tracy Romulus,tracyromulus,'17553895',false,2008-11-22 01:20:24,Mom of 3,14133,28249,943,16005,Los Angeles ,793,https://pbs.twimg.com/profile_banners/17553895/1644280525,https://www.twitter.com/tracyromulus,https://pbs.twimg.com/profile_images/1370221031462375424/18LK_B7e_normal.jpg,false,false
Irving Azoff,irvingazoff,'51574477',false,2009-06-27 18:22:15,Azoff Music Management,176,80079,33,8,Los Angeles,17,,https://www.twitter.com/irvingazoff,https://pbs.twimg.com/profile_images/1095523965/ILA_normal.jpg,false,false
Scott Disick,ScottDisick,'101928415',false,2010-01-04 21:15:37,For all inquiries please email matt@disickcorp.com,2631,6354422,24,104,NY-LA,267,,https://www.twitter.com/ScottDisick,https://pbs.twimg.com/profile_images/1027672790487298048/AX5JkkiX_normal.jpg,false,true
jlo,JLo,'85603854',false,2009-10-27 12:24:51,💎 JLO LIVE Summer Tour Tickets Available Now 💎,19052,44640747,1920,14930,"Bronx, NY",3509,https://pbs.twimg.com/profile_banners/85603854/1712880808,https://www.twitter.com/JLo,https://pbs.twimg.com/profile_images/1767937093249257472/3WXL2qfa_normal.jpg,false,true
Roxy Sowlaty Bijan,RoxyBijan,'43820414',false,2009-05-31 23:28:42,love anything that sparkles . info@roxysowlaty.com,13276,83823,151,4979,,1470,https://pbs.twimg.com/profile_banners/43820414/1440114770,https://www.twitter.com/RoxyBijan,https://pbs.twimg.com/profile_images/508847849921343488/F7kcjGOa_normal.jpeg,false,true
Us Weekly,usweekly,'20012204',false,2009-02-03 18:07:13,"Your trusted source for the latest celebrity news, photos, videos and more!",275684,2108437,1129,2973,,75055,https://pbs.twimg.com/profile_banners/20012204/1646227804,https://www.twitter.com/usweekly,https://pbs.twimg.com/profile_images/1146048143882145792/C35YNceu_normal.jpg,false,true
MIKE SNEDEGAR,MIKESNEDEGAR,'46051722',false,2009-06-10 02:15:32,"Relationship investor, people connector, experience creator and picture taker. #Vegas",30003,44308,1964,78190,"Las Vegas, NV",2955,https://pbs.twimg.com/profile_banners/46051722/1503358811,https://www.twitter.com/MIKESNEDEGAR,https://pbs.twimg.com/profile_images/1318289433318182912/bb-ncg6T_normal.jpg,false,false
Simone Harouche,simoneharouche,'45904966',false,2009-06-09 14:33:09,"Co-Founder & CCO of Kit Undergarments. 
Fashion Stylist. Designer. Mother. Lover. Pink Ponies.",1800,69495,531,1738,Los Angeles,82,https://pbs.twimg.com/profile_banners/45904966/1583792005,https://www.twitter.com/simoneharouche,https://pbs.twimg.com/profile_images/1237139451114958848/_u-wLRAv_normal.jpg,false,false
LA LA,lala,'24967668',false,2009-03-17 18:17:13,Thanks for the love! Its appreciated and always needed! LOVE YOU!! ❤❤❤,29100,4510384,977,869,Insta: @lala Snapchat: lala ,3200,https://pbs.twimg.com/profile_banners/24967668/1558247825,https://www.twitter.com/lala,https://pbs.twimg.com/profile_images/1477892286264532997/-uy_mwas_normal.jpg,false,true
Serena Williams,serenawilliams,'26589987',false,2009-03-25 17:00:33,"Living, Loving, and working to help you.",14749,10430710,371,718,Somewhere over the Rainbow,800,https://pbs.twimg.com/profile_banners/26589987/1673127329,https://www.twitter.com/serenawilliams,https://pbs.twimg.com/profile_images/1499099651626127361/MnnIvHtN_normal.jpg,false,true
KELENDRIA ROWLAND,KELLYROWLAND,'30782495',false,2009-04-12 22:15:13,,14836,6832197,1680,2581,,1900,https://pbs.twimg.com/profile_banners/30782495/1678327034,https://www.twitter.com/KELLYROWLAND,https://pbs.twimg.com/profile_images/1735855654072713216/KvWMBrOY_normal.jpg,false,true
Britt Gastineau,BrittGastineau,'25158003',false,2009-03-18 17:22:30,Snapchat BrittGastineau,22907,174834,402,297,,1888,https://pbs.twimg.com/profile_banners/25158003/1408987935,https://www.twitter.com/BrittGastineau,https://pbs.twimg.com/profile_images/503957912348155905/smnSBEep_normal.jpeg,false,false
ROBERT KARDASHIAN,robkardashian,'27989078',true,2009-03-31 19:07:50,snapchat: 👻 robphuckedme Instagram: robkardashianofficial,1707,6870674,1382,709,,433,,https://www.twitter.com/robkardashian,https://pbs.twimg.com/profile_images/1763630020499836928/9n6lUxoU_normal.jpg,false,true
Angie Martinez,angiemartinez,'18783665',false,2009-01-08 18:07:50,Radio/TV/Author Contact Roc Nation for all inquiries. NY Times Best Selling book #MyVoice available now! https://t.co/1X14W5mpVM,14610,975909,725,3693,NYC,1008,https://pbs.twimg.com/profile_banners/18783665/1657651336,https://www.twitter.com/angiemartinez,https://pbs.twimg.com/profile_images/1299800645034225671/aYRjJ5OD_normal.jpg,false,true
Ryan Seacrest,RyanSeacrest,'16190898',false,2008-09-08 15:55:09,Taller in person,19559,14307883,581,1632,"New York, NY",4869,https://pbs.twimg.com/profile_banners/16190898/1696262811,https://www.twitter.com/RyanSeacrest,https://pbs.twimg.com/profile_images/1362891881730899968/DwKFmGKN_normal.jpg,false,true
